--
-- PostgreSQL database dump
--

-- Dumped from database version 9.3beta1
-- Dumped by pg_dump version 9.3beta1
-- Started on 2018-04-14 10:39:38

SET statement_timeout = 0;
SET lock_timeout = 0;
SET client_encoding = 'UTF8';
SET standard_conforming_strings = on;
SET check_function_bodies = false;
SET client_min_messages = warning;

--
-- TOC entry 207 (class 3079 OID 11750)
-- Name: plpgsql; Type: EXTENSION; Schema: -; Owner: 
--

CREATE EXTENSION IF NOT EXISTS plpgsql WITH SCHEMA pg_catalog;


--
-- TOC entry 2217 (class 0 OID 0)
-- Dependencies: 207
-- Name: EXTENSION plpgsql; Type: COMMENT; Schema: -; Owner: 
--

COMMENT ON EXTENSION plpgsql IS 'PL/pgSQL procedural language';


SET search_path = public, pg_catalog;

SET default_tablespace = '';

SET default_with_oids = false;

--
-- TOC entry 170 (class 1259 OID 16422)
-- Name: accion; Type: TABLE; Schema: public; Owner: postgres; Tablespace: 
--

CREATE TABLE accion (
    id integer NOT NULL,
    id_sesion integer NOT NULL,
    accion character varying(255) NOT NULL
);


ALTER TABLE public.accion OWNER TO postgres;

--
-- TOC entry 171 (class 1259 OID 16425)
-- Name: acciones_id_seq; Type: SEQUENCE; Schema: public; Owner: postgres
--

CREATE SEQUENCE acciones_id_seq
    START WITH 1
    INCREMENT BY 1
    NO MINVALUE
    NO MAXVALUE
    CACHE 1;


ALTER TABLE public.acciones_id_seq OWNER TO postgres;

--
-- TOC entry 2218 (class 0 OID 0)
-- Dependencies: 171
-- Name: acciones_id_seq; Type: SEQUENCE OWNED BY; Schema: public; Owner: postgres
--

ALTER SEQUENCE acciones_id_seq OWNED BY accion.id;


--
-- TOC entry 206 (class 1259 OID 24578)
-- Name: citas; Type: TABLE; Schema: public; Owner: postgres; Tablespace: 
--

CREATE TABLE citas (
    id integer NOT NULL,
    id_paciente integer,
    motivo text NOT NULL,
    fecha_creacion timestamp without time zone DEFAULT now() NOT NULL,
    fecha_cita date NOT NULL,
    examen_lb boolean NOT NULL,
    estatus smallint DEFAULT 0 NOT NULL,
    cedula character varying(8) NOT NULL,
    nombre1 character varying(25) NOT NULL,
    apellido1 character varying(25) NOT NULL,
    tipo_paciente character varying(15) NOT NULL,
    fecha_nacimiento date NOT NULL,
    sexo character(1) NOT NULL,
    email character varying(100) NOT NULL
);


ALTER TABLE public.citas OWNER TO postgres;

--
-- TOC entry 205 (class 1259 OID 24576)
-- Name: citas_id_seq; Type: SEQUENCE; Schema: public; Owner: postgres
--

CREATE SEQUENCE citas_id_seq
    START WITH 1
    INCREMENT BY 1
    NO MINVALUE
    NO MAXVALUE
    CACHE 1;


ALTER TABLE public.citas_id_seq OWNER TO postgres;

--
-- TOC entry 2219 (class 0 OID 0)
-- Dependencies: 205
-- Name: citas_id_seq; Type: SEQUENCE OWNED BY; Schema: public; Owner: postgres
--

ALTER SEQUENCE citas_id_seq OWNED BY citas.id;


--
-- TOC entry 172 (class 1259 OID 16427)
-- Name: consulta; Type: TABLE; Schema: public; Owner: postgres; Tablespace: 
--

CREATE TABLE consulta (
    id integer NOT NULL,
    id_usuario integer NOT NULL,
    fecha_creacion timestamp without time zone DEFAULT now() NOT NULL,
    cod_historia character varying(10) NOT NULL,
    tipo integer NOT NULL
);


ALTER TABLE public.consulta OWNER TO postgres;

--
-- TOC entry 173 (class 1259 OID 16431)
-- Name: consulta_curativa; Type: TABLE; Schema: public; Owner: postgres; Tablespace: 
--

CREATE TABLE consulta_curativa (
    id_patologia integer,
    motivo text NOT NULL,
    digestivo text NOT NULL,
    examen_medico_general text NOT NULL,
    enfermedad_actual text NOT NULL
)
INHERITS (consulta);


ALTER TABLE public.consulta_curativa OWNER TO postgres;

--
-- TOC entry 174 (class 1259 OID 16438)
-- Name: consulta_id_seq; Type: SEQUENCE; Schema: public; Owner: postgres
--

CREATE SEQUENCE consulta_id_seq
    START WITH 1
    INCREMENT BY 1
    NO MINVALUE
    NO MAXVALUE
    CACHE 1;


ALTER TABLE public.consulta_id_seq OWNER TO postgres;

--
-- TOC entry 2220 (class 0 OID 0)
-- Dependencies: 174
-- Name: consulta_id_seq; Type: SEQUENCE OWNED BY; Schema: public; Owner: postgres
--

ALTER SEQUENCE consulta_id_seq OWNED BY consulta.id;


--
-- TOC entry 175 (class 1259 OID 16440)
-- Name: consulta_preventiva; Type: TABLE; Schema: public; Owner: postgres; Tablespace: 
--

CREATE TABLE consulta_preventiva (
    id integer DEFAULT nextval('consulta_id_seq'::regclass),
    id_usuario integer,
    fecha_creacion timestamp without time zone DEFAULT now(),
    cod_historia character varying(10),
    tipo integer,
    id_patologia integer,
    motivo text,
    digestivo text,
    examen_medico_general text,
    urogenital text,
    cardiopulmonar text,
    locomotor text,
    neuropsiquicos text,
    otros text,
    ef_talla character varying,
    ef_peso character varying,
    ef_ta character varying,
    ef_pulso character varying,
    ef_resp character varying,
    ef_temp character varying,
    impresion_diagnostica text,
    tratamiento text
)
INHERITS (consulta_curativa);


ALTER TABLE public.consulta_preventiva OWNER TO postgres;

--
-- TOC entry 176 (class 1259 OID 16448)
-- Name: esquema; Type: TABLE; Schema: public; Owner: postgres; Tablespace: 
--

CREATE TABLE esquema (
    id integer NOT NULL,
    id_vacuna integer NOT NULL,
    esquema character varying(10) NOT NULL,
    cant_dosis character varying(10) NOT NULL,
    intervalo integer NOT NULL,
    edad_aplicacion integer NOT NULL,
    periodo character varying(10) NOT NULL
);


ALTER TABLE public.esquema OWNER TO postgres;

--
-- TOC entry 2221 (class 0 OID 0)
-- Dependencies: 176
-- Name: TABLE esquema; Type: COMMENT; Schema: public; Owner: postgres
--

COMMENT ON TABLE esquema IS 'Representa el esquema de aplicacion de una vacuna';


--
-- TOC entry 177 (class 1259 OID 16451)
-- Name: esquema_id_seq; Type: SEQUENCE; Schema: public; Owner: postgres
--

CREATE SEQUENCE esquema_id_seq
    START WITH 1
    INCREMENT BY 1
    NO MINVALUE
    NO MAXVALUE
    CACHE 1;


ALTER TABLE public.esquema_id_seq OWNER TO postgres;

--
-- TOC entry 2222 (class 0 OID 0)
-- Dependencies: 177
-- Name: esquema_id_seq; Type: SEQUENCE OWNED BY; Schema: public; Owner: postgres
--

ALTER SEQUENCE esquema_id_seq OWNED BY esquema.id;


--
-- TOC entry 178 (class 1259 OID 16453)
-- Name: evento; Type: TABLE; Schema: public; Owner: postgres; Tablespace: 
--

CREATE TABLE evento (
    id integer NOT NULL,
    id_usuario integer NOT NULL,
    titulo character varying(255) NOT NULL,
    descripcion text NOT NULL,
    fecha_hora_inicio timestamp without time zone NOT NULL,
    fecha_hora_fin timestamp without time zone NOT NULL,
    img character varying(255)
);


ALTER TABLE public.evento OWNER TO postgres;

--
-- TOC entry 179 (class 1259 OID 16459)
-- Name: evento_id_seq; Type: SEQUENCE; Schema: public; Owner: postgres
--

CREATE SEQUENCE evento_id_seq
    START WITH 1
    INCREMENT BY 1
    NO MINVALUE
    NO MAXVALUE
    CACHE 1;


ALTER TABLE public.evento_id_seq OWNER TO postgres;

--
-- TOC entry 2223 (class 0 OID 0)
-- Dependencies: 179
-- Name: evento_id_seq; Type: SEQUENCE OWNED BY; Schema: public; Owner: postgres
--

ALTER SEQUENCE evento_id_seq OWNED BY evento.id;


--
-- TOC entry 180 (class 1259 OID 16461)
-- Name: examen_fisico; Type: TABLE; Schema: public; Owner: postgres; Tablespace: 
--

CREATE TABLE examen_fisico (
    id integer NOT NULL,
    talla character varying(50) NOT NULL,
    pulso character varying(50) NOT NULL,
    resp character varying(50) NOT NULL,
    peso character varying(10) NOT NULL,
    tension_arterial character varying(10) NOT NULL
);


ALTER TABLE public.examen_fisico OWNER TO postgres;

--
-- TOC entry 181 (class 1259 OID 16464)
-- Name: examen_fisico_id_seq; Type: SEQUENCE; Schema: public; Owner: postgres
--

CREATE SEQUENCE examen_fisico_id_seq
    START WITH 1
    INCREMENT BY 1
    NO MINVALUE
    NO MAXVALUE
    CACHE 1;


ALTER TABLE public.examen_fisico_id_seq OWNER TO postgres;

--
-- TOC entry 2224 (class 0 OID 0)
-- Dependencies: 181
-- Name: examen_fisico_id_seq; Type: SEQUENCE OWNED BY; Schema: public; Owner: postgres
--

ALTER SEQUENCE examen_fisico_id_seq OWNED BY examen_fisico.id;


--
-- TOC entry 182 (class 1259 OID 16466)
-- Name: historia_clinica; Type: TABLE; Schema: public; Owner: postgres; Tablespace: 
--

CREATE TABLE historia_clinica (
    id_paciente integer NOT NULL,
    fecha_creada timestamp without time zone DEFAULT now() NOT NULL,
    cod_historia character varying(10) NOT NULL
);


ALTER TABLE public.historia_clinica OWNER TO postgres;

--
-- TOC entry 183 (class 1259 OID 16470)
-- Name: historia_medicina; Type: TABLE; Schema: public; Owner: postgres; Tablespace: 
--

CREATE TABLE historia_medicina (
    antecedentes_personales text,
    antecedentes_familiares text
)
INHERITS (historia_clinica);


ALTER TABLE public.historia_medicina OWNER TO postgres;

--
-- TOC entry 2225 (class 0 OID 0)
-- Dependencies: 183
-- Name: COLUMN historia_medicina.antecedentes_personales; Type: COMMENT; Schema: public; Owner: postgres
--

COMMENT ON COLUMN historia_medicina.antecedentes_personales IS 'Antecedentes de operaciones o enfermedades que haya tenido el paciente';


--
-- TOC entry 2226 (class 0 OID 0)
-- Dependencies: 183
-- Name: COLUMN historia_medicina.antecedentes_familiares; Type: COMMENT; Schema: public; Owner: postgres
--

COMMENT ON COLUMN historia_medicina.antecedentes_familiares IS 'Antecedentes de enfermedades que haya padecido algún familiar del paciente';


--
-- TOC entry 184 (class 1259 OID 16477)
-- Name: lote_insumo; Type: TABLE; Schema: public; Owner: postgres; Tablespace: 
--

CREATE TABLE lote_insumo (
    id integer NOT NULL,
    id_insumo integer,
    fecha_registro date,
    fecha_elaboracion date,
    fecha_vencimiento date,
    cantidad integer,
    unidad_medida character varying
);


ALTER TABLE public.lote_insumo OWNER TO postgres;

--
-- TOC entry 185 (class 1259 OID 16483)
-- Name: lote_insumo_id_seq; Type: SEQUENCE; Schema: public; Owner: postgres
--

CREATE SEQUENCE lote_insumo_id_seq
    START WITH 1
    INCREMENT BY 1
    NO MINVALUE
    NO MAXVALUE
    CACHE 1;


ALTER TABLE public.lote_insumo_id_seq OWNER TO postgres;

--
-- TOC entry 2227 (class 0 OID 0)
-- Dependencies: 185
-- Name: lote_insumo_id_seq; Type: SEQUENCE OWNED BY; Schema: public; Owner: postgres
--

ALTER SEQUENCE lote_insumo_id_seq OWNED BY lote_insumo.id;


--
-- TOC entry 186 (class 1259 OID 16485)
-- Name: noticia; Type: TABLE; Schema: public; Owner: postgres; Tablespace: 
--

CREATE TABLE noticia (
    id integer NOT NULL,
    id_usuario integer NOT NULL,
    titulo character varying(255) NOT NULL,
    descripcion text NOT NULL,
    url character varying(255),
    img character varying(255),
    created_at timestamp without time zone DEFAULT now() NOT NULL
);


ALTER TABLE public.noticia OWNER TO postgres;

--
-- TOC entry 187 (class 1259 OID 16492)
-- Name: noticia_id_seq; Type: SEQUENCE; Schema: public; Owner: postgres
--

CREATE SEQUENCE noticia_id_seq
    START WITH 1
    INCREMENT BY 1
    NO MINVALUE
    NO MAXVALUE
    CACHE 1;


ALTER TABLE public.noticia_id_seq OWNER TO postgres;

--
-- TOC entry 2228 (class 0 OID 0)
-- Dependencies: 187
-- Name: noticia_id_seq; Type: SEQUENCE OWNED BY; Schema: public; Owner: postgres
--

ALTER SEQUENCE noticia_id_seq OWNED BY noticia.id;


--
-- TOC entry 188 (class 1259 OID 16494)
-- Name: persona; Type: TABLE; Schema: public; Owner: postgres; Tablespace: 
--

CREATE TABLE persona (
    id integer NOT NULL,
    cedula character varying(8) NOT NULL,
    nombre1 character varying(30) NOT NULL,
    nombre2 character varying(30),
    apellido1 character varying(30) NOT NULL,
    apellido2 character varying(30),
    sexo "char" NOT NULL,
    fecha_nacimiento date NOT NULL,
    direccion text NOT NULL,
    telf_personal character varying(16) NOT NULL,
    telf_emergencia character varying(16),
    email character varying(100) NOT NULL
);


ALTER TABLE public.persona OWNER TO postgres;

--
-- TOC entry 189 (class 1259 OID 16500)
-- Name: paciente; Type: TABLE; Schema: public; Owner: postgres; Tablespace: 
--

CREATE TABLE paciente (
    lugar_nacimiento character varying(100) NOT NULL,
    tipo_paciente character varying(50) NOT NULL,
    departamento character varying(15),
    trayecto character varying(15),
    pnf character varying(20),
    tipo_sangre character varying(5)
)
INHERITS (persona);


ALTER TABLE public.paciente OWNER TO postgres;

--
-- TOC entry 190 (class 1259 OID 16506)
-- Name: patologia; Type: TABLE; Schema: public; Owner: postgres; Tablespace: 
--

CREATE TABLE patologia (
    id integer NOT NULL,
    nombre character varying(50) NOT NULL,
    descripcion character varying(255) NOT NULL,
    status boolean DEFAULT true NOT NULL
);


ALTER TABLE public.patologia OWNER TO postgres;

--
-- TOC entry 191 (class 1259 OID 16510)
-- Name: patologia_id_seq; Type: SEQUENCE; Schema: public; Owner: postgres
--

CREATE SEQUENCE patologia_id_seq
    START WITH 1
    INCREMENT BY 1
    NO MINVALUE
    NO MAXVALUE
    CACHE 1;


ALTER TABLE public.patologia_id_seq OWNER TO postgres;

--
-- TOC entry 2229 (class 0 OID 0)
-- Dependencies: 191
-- Name: patologia_id_seq; Type: SEQUENCE OWNED BY; Schema: public; Owner: postgres
--

ALTER SEQUENCE patologia_id_seq OWNED BY patologia.id;


--
-- TOC entry 192 (class 1259 OID 16512)
-- Name: persona_id_seq; Type: SEQUENCE; Schema: public; Owner: postgres
--

CREATE SEQUENCE persona_id_seq
    START WITH 1
    INCREMENT BY 1
    NO MINVALUE
    NO MAXVALUE
    CACHE 1;


ALTER TABLE public.persona_id_seq OWNER TO postgres;

--
-- TOC entry 2230 (class 0 OID 0)
-- Dependencies: 192
-- Name: persona_id_seq; Type: SEQUENCE OWNED BY; Schema: public; Owner: postgres
--

ALTER SEQUENCE persona_id_seq OWNED BY persona.id;


--
-- TOC entry 193 (class 1259 OID 16514)
-- Name: sesion; Type: TABLE; Schema: public; Owner: postgres; Tablespace: 
--

CREATE TABLE sesion (
    id integer NOT NULL,
    id_usuario integer NOT NULL,
    fecha_inicio timestamp without time zone NOT NULL,
    fecha_fin timestamp without time zone
);


ALTER TABLE public.sesion OWNER TO postgres;

--
-- TOC entry 194 (class 1259 OID 16517)
-- Name: sesion_id_seq; Type: SEQUENCE; Schema: public; Owner: postgres
--

CREATE SEQUENCE sesion_id_seq
    START WITH 1
    INCREMENT BY 1
    NO MINVALUE
    NO MAXVALUE
    CACHE 1;


ALTER TABLE public.sesion_id_seq OWNER TO postgres;

--
-- TOC entry 2231 (class 0 OID 0)
-- Dependencies: 194
-- Name: sesion_id_seq; Type: SEQUENCE OWNED BY; Schema: public; Owner: postgres
--

ALTER SEQUENCE sesion_id_seq OWNED BY sesion.id;


--
-- TOC entry 195 (class 1259 OID 16519)
-- Name: stock; Type: TABLE; Schema: public; Owner: postgres; Tablespace: 
--

CREATE TABLE stock (
    id integer NOT NULL,
    insumo character varying,
    descripcion character varying,
    almacen character varying,
    tipo_insumo character varying,
    contenido character varying,
    disponibilidad integer,
    status boolean DEFAULT true,
    unidad_medida character varying
);


ALTER TABLE public.stock OWNER TO postgres;

--
-- TOC entry 196 (class 1259 OID 16526)
-- Name: stock_id_seq; Type: SEQUENCE; Schema: public; Owner: postgres
--

CREATE SEQUENCE stock_id_seq
    START WITH 1
    INCREMENT BY 1
    NO MINVALUE
    NO MAXVALUE
    CACHE 1;


ALTER TABLE public.stock_id_seq OWNER TO postgres;

--
-- TOC entry 2232 (class 0 OID 0)
-- Dependencies: 196
-- Name: stock_id_seq; Type: SEQUENCE OWNED BY; Schema: public; Owner: postgres
--

ALTER SEQUENCE stock_id_seq OWNED BY stock.id;


--
-- TOC entry 197 (class 1259 OID 16528)
-- Name: usuario; Type: TABLE; Schema: public; Owner: postgres; Tablespace: 
--

CREATE TABLE usuario (
    username character varying(16) NOT NULL,
    password character varying(16) DEFAULT 'User1234'::character varying NOT NULL,
    grado_instruccion character varying(20) NOT NULL,
    especialidad character varying(20) NOT NULL,
    tipo_usuario character varying(20) NOT NULL,
    status boolean DEFAULT true NOT NULL,
    img character varying(255),
    fecha_creado timestamp without time zone DEFAULT now(),
    first_session boolean DEFAULT true NOT NULL
)
INHERITS (persona);


ALTER TABLE public.usuario OWNER TO postgres;

--
-- TOC entry 198 (class 1259 OID 16538)
-- Name: utiliza; Type: TABLE; Schema: public; Owner: postgres; Tablespace: 
--

CREATE TABLE utiliza (
    id integer NOT NULL,
    id_usuario integer NOT NULL,
    id_insumo integer NOT NULL,
    accion text NOT NULL,
    fecha timestamp without time zone DEFAULT now() NOT NULL
);


ALTER TABLE public.utiliza OWNER TO postgres;

--
-- TOC entry 2233 (class 0 OID 0)
-- Dependencies: 198
-- Name: TABLE utiliza; Type: COMMENT; Schema: public; Owner: postgres
--

COMMENT ON TABLE utiliza IS 'Tabla de relación entre ''usuario'' y ''stock''. Representa los insumos que son utilizados por algún usuario del sistema';


--
-- TOC entry 199 (class 1259 OID 16545)
-- Name: utiliza_id_seq; Type: SEQUENCE; Schema: public; Owner: postgres
--

CREATE SEQUENCE utiliza_id_seq
    START WITH 1
    INCREMENT BY 1
    NO MINVALUE
    NO MAXVALUE
    CACHE 1;


ALTER TABLE public.utiliza_id_seq OWNER TO postgres;

--
-- TOC entry 2234 (class 0 OID 0)
-- Dependencies: 199
-- Name: utiliza_id_seq; Type: SEQUENCE OWNED BY; Schema: public; Owner: postgres
--

ALTER SEQUENCE utiliza_id_seq OWNED BY utiliza.id;


--
-- TOC entry 200 (class 1259 OID 16547)
-- Name: vacuna; Type: TABLE; Schema: public; Owner: postgres; Tablespace: 
--

CREATE TABLE vacuna (
    id integer NOT NULL,
    nombre_vacuna character varying(20) NOT NULL,
    id_patologia integer NOT NULL,
    status boolean DEFAULT true NOT NULL
);


ALTER TABLE public.vacuna OWNER TO postgres;

--
-- TOC entry 201 (class 1259 OID 16551)
-- Name: vacuna_aplicada; Type: TABLE; Schema: public; Owner: postgres; Tablespace: 
--

CREATE TABLE vacuna_aplicada (
    id_esquema integer NOT NULL,
    nro_dosis integer NOT NULL,
    via_administracion character varying(10) NOT NULL,
    prox_fecha_vacunacion date NOT NULL,
    dosificacion character varying(20) NOT NULL,
    fecha_vacunacion timestamp without time zone DEFAULT now() NOT NULL,
    cod_historia character varying(10) NOT NULL
);


ALTER TABLE public.vacuna_aplicada OWNER TO postgres;

--
-- TOC entry 202 (class 1259 OID 16555)
-- Name: vacuna_id_seq; Type: SEQUENCE; Schema: public; Owner: postgres
--

CREATE SEQUENCE vacuna_id_seq
    START WITH 1
    INCREMENT BY 1
    NO MINVALUE
    NO MAXVALUE
    CACHE 1;


ALTER TABLE public.vacuna_id_seq OWNER TO postgres;

--
-- TOC entry 2235 (class 0 OID 0)
-- Dependencies: 202
-- Name: vacuna_id_seq; Type: SEQUENCE OWNED BY; Schema: public; Owner: postgres
--

ALTER SEQUENCE vacuna_id_seq OWNED BY vacuna.id;


--
-- TOC entry 203 (class 1259 OID 16557)
-- Name: vacuna_patologia; Type: TABLE; Schema: public; Owner: postgres; Tablespace: 
--

CREATE TABLE vacuna_patologia (
    id integer NOT NULL,
    id_vacuna integer NOT NULL,
    id_patologia integer NOT NULL
);


ALTER TABLE public.vacuna_patologia OWNER TO postgres;

--
-- TOC entry 204 (class 1259 OID 16560)
-- Name: vacuna_patologia_id_seq; Type: SEQUENCE; Schema: public; Owner: postgres
--

CREATE SEQUENCE vacuna_patologia_id_seq
    START WITH 1
    INCREMENT BY 1
    NO MINVALUE
    NO MAXVALUE
    CACHE 1;


ALTER TABLE public.vacuna_patologia_id_seq OWNER TO postgres;

--
-- TOC entry 2236 (class 0 OID 0)
-- Dependencies: 204
-- Name: vacuna_patologia_id_seq; Type: SEQUENCE OWNED BY; Schema: public; Owner: postgres
--

ALTER SEQUENCE vacuna_patologia_id_seq OWNED BY vacuna_patologia.id;


--
-- TOC entry 2054 (class 2604 OID 16562)
-- Name: id; Type: DEFAULT; Schema: public; Owner: postgres
--

ALTER TABLE ONLY accion ALTER COLUMN id SET DEFAULT nextval('acciones_id_seq'::regclass);


--
-- TOC entry 2087 (class 2604 OID 24581)
-- Name: id; Type: DEFAULT; Schema: public; Owner: postgres
--

ALTER TABLE ONLY citas ALTER COLUMN id SET DEFAULT nextval('citas_id_seq'::regclass);


--
-- TOC entry 2056 (class 2604 OID 16563)
-- Name: id; Type: DEFAULT; Schema: public; Owner: postgres
--

ALTER TABLE ONLY consulta ALTER COLUMN id SET DEFAULT nextval('consulta_id_seq'::regclass);


--
-- TOC entry 2057 (class 2604 OID 16564)
-- Name: id; Type: DEFAULT; Schema: public; Owner: postgres
--

ALTER TABLE ONLY consulta_curativa ALTER COLUMN id SET DEFAULT nextval('consulta_id_seq'::regclass);


--
-- TOC entry 2058 (class 2604 OID 16565)
-- Name: fecha_creacion; Type: DEFAULT; Schema: public; Owner: postgres
--

ALTER TABLE ONLY consulta_curativa ALTER COLUMN fecha_creacion SET DEFAULT now();


--
-- TOC entry 2061 (class 2604 OID 16566)
-- Name: id; Type: DEFAULT; Schema: public; Owner: postgres
--

ALTER TABLE ONLY esquema ALTER COLUMN id SET DEFAULT nextval('esquema_id_seq'::regclass);


--
-- TOC entry 2062 (class 2604 OID 16567)
-- Name: id; Type: DEFAULT; Schema: public; Owner: postgres
--

ALTER TABLE ONLY evento ALTER COLUMN id SET DEFAULT nextval('evento_id_seq'::regclass);


--
-- TOC entry 2063 (class 2604 OID 16568)
-- Name: id; Type: DEFAULT; Schema: public; Owner: postgres
--

ALTER TABLE ONLY examen_fisico ALTER COLUMN id SET DEFAULT nextval('examen_fisico_id_seq'::regclass);


--
-- TOC entry 2065 (class 2604 OID 16569)
-- Name: fecha_creada; Type: DEFAULT; Schema: public; Owner: postgres
--

ALTER TABLE ONLY historia_medicina ALTER COLUMN fecha_creada SET DEFAULT now();


--
-- TOC entry 2066 (class 2604 OID 16570)
-- Name: id; Type: DEFAULT; Schema: public; Owner: postgres
--

ALTER TABLE ONLY lote_insumo ALTER COLUMN id SET DEFAULT nextval('lote_insumo_id_seq'::regclass);


--
-- TOC entry 2068 (class 2604 OID 16571)
-- Name: id; Type: DEFAULT; Schema: public; Owner: postgres
--

ALTER TABLE ONLY noticia ALTER COLUMN id SET DEFAULT nextval('noticia_id_seq'::regclass);


--
-- TOC entry 2070 (class 2604 OID 16572)
-- Name: id; Type: DEFAULT; Schema: public; Owner: postgres
--

ALTER TABLE ONLY paciente ALTER COLUMN id SET DEFAULT nextval('persona_id_seq'::regclass);


--
-- TOC entry 2072 (class 2604 OID 16573)
-- Name: id; Type: DEFAULT; Schema: public; Owner: postgres
--

ALTER TABLE ONLY patologia ALTER COLUMN id SET DEFAULT nextval('patologia_id_seq'::regclass);


--
-- TOC entry 2069 (class 2604 OID 16574)
-- Name: id; Type: DEFAULT; Schema: public; Owner: postgres
--

ALTER TABLE ONLY persona ALTER COLUMN id SET DEFAULT nextval('persona_id_seq'::regclass);


--
-- TOC entry 2073 (class 2604 OID 16575)
-- Name: id; Type: DEFAULT; Schema: public; Owner: postgres
--

ALTER TABLE ONLY sesion ALTER COLUMN id SET DEFAULT nextval('sesion_id_seq'::regclass);


--
-- TOC entry 2075 (class 2604 OID 16576)
-- Name: id; Type: DEFAULT; Schema: public; Owner: postgres
--

ALTER TABLE ONLY stock ALTER COLUMN id SET DEFAULT nextval('stock_id_seq'::regclass);


--
-- TOC entry 2080 (class 2604 OID 16577)
-- Name: id; Type: DEFAULT; Schema: public; Owner: postgres
--

ALTER TABLE ONLY usuario ALTER COLUMN id SET DEFAULT nextval('persona_id_seq'::regclass);


--
-- TOC entry 2082 (class 2604 OID 16578)
-- Name: id; Type: DEFAULT; Schema: public; Owner: postgres
--

ALTER TABLE ONLY utiliza ALTER COLUMN id SET DEFAULT nextval('utiliza_id_seq'::regclass);


--
-- TOC entry 2084 (class 2604 OID 16579)
-- Name: id; Type: DEFAULT; Schema: public; Owner: postgres
--

ALTER TABLE ONLY vacuna ALTER COLUMN id SET DEFAULT nextval('vacuna_id_seq'::regclass);


--
-- TOC entry 2086 (class 2604 OID 16580)
-- Name: id; Type: DEFAULT; Schema: public; Owner: postgres
--

ALTER TABLE ONLY vacuna_patologia ALTER COLUMN id SET DEFAULT nextval('vacuna_patologia_id_seq'::regclass);


--
-- TOC entry 2173 (class 0 OID 16422)
-- Dependencies: 170
-- Data for Name: accion; Type: TABLE DATA; Schema: public; Owner: postgres
--

COPY accion (id, id_sesion, accion) FROM stdin;
\.


--
-- TOC entry 2237 (class 0 OID 0)
-- Dependencies: 171
-- Name: acciones_id_seq; Type: SEQUENCE SET; Schema: public; Owner: postgres
--

SELECT pg_catalog.setval('acciones_id_seq', 1, false);


--
-- TOC entry 2209 (class 0 OID 24578)
-- Dependencies: 206
-- Data for Name: citas; Type: TABLE DATA; Schema: public; Owner: postgres
--

COPY citas (id, id_paciente, motivo, fecha_creacion, fecha_cita, examen_lb, estatus, cedula, nombre1, apellido1, tipo_paciente, fecha_nacimiento, sexo, email) FROM stdin;
2	4	efhrliWHFDCBSJB,M	2018-03-02 16:40:01.921	2018-03-05	t	0	21118197	José	Soto	Estudiante	1993-11-01	m	sdfsdfsdf@gmail.com
3	\N	gafshdifogkgbjkflie	2018-03-02 16:51:36.876	2018-03-12	t	0	25237682	Odalys	Urbina	Estudiante	1996-10-07	f	odaliitaz_14@hotmail.com
\.


--
-- TOC entry 2238 (class 0 OID 0)
-- Dependencies: 205
-- Name: citas_id_seq; Type: SEQUENCE SET; Schema: public; Owner: postgres
--

SELECT pg_catalog.setval('citas_id_seq', 3, true);


--
-- TOC entry 2175 (class 0 OID 16427)
-- Dependencies: 172
-- Data for Name: consulta; Type: TABLE DATA; Schema: public; Owner: postgres
--

COPY consulta (id, id_usuario, fecha_creacion, cod_historia, tipo) FROM stdin;
\.


--
-- TOC entry 2176 (class 0 OID 16431)
-- Dependencies: 173
-- Data for Name: consulta_curativa; Type: TABLE DATA; Schema: public; Owner: postgres
--

COPY consulta_curativa (id, id_usuario, fecha_creacion, cod_historia, tipo, id_patologia, motivo, digestivo, examen_medico_general, enfermedad_actual) FROM stdin;
3	13	2017-04-14 19:48:49.213	E21118197	1	\N	Dolores de cabeza	Texto de prueba	Texto de prueba	Ninguna que el paciente sepa
1	13	2017-04-12 23:46:05.792	E21118197	1	2	Fiebre	Datos de prueba	Datos de prueba	Gastritis Fuerte
\.


--
-- TOC entry 2239 (class 0 OID 0)
-- Dependencies: 174
-- Name: consulta_id_seq; Type: SEQUENCE SET; Schema: public; Owner: postgres
--

SELECT pg_catalog.setval('consulta_id_seq', 6, true);


--
-- TOC entry 2178 (class 0 OID 16440)
-- Dependencies: 175
-- Data for Name: consulta_preventiva; Type: TABLE DATA; Schema: public; Owner: postgres
--

COPY consulta_preventiva (id, id_usuario, fecha_creacion, cod_historia, tipo, id_patologia, motivo, digestivo, examen_medico_general, enfermedad_actual, urogenital, cardiopulmonar, locomotor, neuropsiquicos, otros, ef_talla, ef_peso, ef_ta, ef_pulso, ef_resp, ef_temp, impresion_diagnostica, tratamiento) FROM stdin;
6	13	2017-04-15 23:12:26.913	E21118197	2	\N	Motivo de prueba	Digestivo de prueba	Examen médico general de prueba	Enfermedad de prueba	Urogenital de prueba	Cardiopulmonar de prueba	Locomotor de prueba	Neuropsíquicos de prueba	Otros datos de prueba	173	60.0	120/10	20	10	36	Impresión diagnóstica de prueba	Tratamiento de prueba
4	13	2017-04-14 19:54:10.505	E21118197	2	\N	Dolores musclares	Texto de prueba	Texto de prueba	Texto de prueba	Texto de prueba	Texto de prueba	Texto de prueba	Texto de prueba	Texto de prueba	174	80.0	120/10	60	60	38	Texto de prueba	Texto de prueba
\.


--
-- TOC entry 2179 (class 0 OID 16448)
-- Dependencies: 176
-- Data for Name: esquema; Type: TABLE DATA; Schema: public; Owner: postgres
--

COPY esquema (id, id_vacuna, esquema, cant_dosis, intervalo, edad_aplicacion, periodo) FROM stdin;
\.


--
-- TOC entry 2240 (class 0 OID 0)
-- Dependencies: 177
-- Name: esquema_id_seq; Type: SEQUENCE SET; Schema: public; Owner: postgres
--

SELECT pg_catalog.setval('esquema_id_seq', 4, true);


--
-- TOC entry 2181 (class 0 OID 16453)
-- Dependencies: 178
-- Data for Name: evento; Type: TABLE DATA; Schema: public; Owner: postgres
--

COPY evento (id, id_usuario, titulo, descripcion, fecha_hora_inicio, fecha_hora_fin, img) FROM stdin;
6	4	Nuevo evento	Validacion de fecha	2010-12-12 13:11:00	1994-12-12 13:12:00	\N
15	4	Evento de prueba	Esta es una prueba de evento	2017-12-12 12:12:00	2017-12-12 16:30:00	\N
8	4	Evento de prueba	Esta es una prueba de validacion de fechas y horas	2017-03-10 13:11:00	2017-03-10 16:15:00	\N
20	4	Otro evento con imagen	Otra prueba de evento con imagen	2017-03-12 16:00:00	2017-03-16 16:00:00	Otro_evento_con_imagen_2017-03-12_2017-03-16.jpg
19	4	Evento con imagen	Prueba de evento con imagen	2017-03-10 14:00:00	2017-03-25 17:00:00	Evento_con_imagen_2017-03-10_2017-03-25.jpg
4	4	Nuevo práctico	Esta es una prueba	2017-12-12 12:12:00	2017-12-20 12:21:00	TnVldm8gcHLDoWN0aWNv_2017-12-12_2017-12-20.jpg
18	4	Evento de prueba calendario	Esta es una prueba para el calendario	2017-03-02 12:00:00	2017-03-05 17:00:00	RXZlbnRvIGRlIHBydWViYSBjYWxlbmRhcmlv_2017-03-02_2017-03-05.jpg
16	4	Evento de prueba de correccion	Esta es una prueba de correcciones realizadas y de validación de imagen, además de probar cuántos caracteres se muestran en la descripción desde el listado y en la vista previa	2017-12-12 12:12:00	2017-12-12 17:12:00	RXZlbnRvIGRlIHBydWViYSBkZSBjb3JyZWNjaW9u_2017-12-12_2017-12-12.jpg
21	4	Nuevo evento con imagen	Este es otro evento con imagen	2017-04-04 12:00:00	2017-04-06 12:00:00	TnVldm8gZXZlbnRvIGNvbiBpbWFnZW4_2017-04-04_2017-04-06.jpg
22	6	Jornadas de vacunación de Rubi	vacunacion de rubiola	2017-05-12 09:00:00	2017-05-19 00:00:00	Sm9ybmFkYXMgZGUgdmFjdW5hY2nDs24gZGUgUnViaQ_2017-05-12_2017-05-19.jpg
\.


--
-- TOC entry 2241 (class 0 OID 0)
-- Dependencies: 179
-- Name: evento_id_seq; Type: SEQUENCE SET; Schema: public; Owner: postgres
--

SELECT pg_catalog.setval('evento_id_seq', 22, true);


--
-- TOC entry 2183 (class 0 OID 16461)
-- Dependencies: 180
-- Data for Name: examen_fisico; Type: TABLE DATA; Schema: public; Owner: postgres
--

COPY examen_fisico (id, talla, pulso, resp, peso, tension_arterial) FROM stdin;
\.


--
-- TOC entry 2242 (class 0 OID 0)
-- Dependencies: 181
-- Name: examen_fisico_id_seq; Type: SEQUENCE SET; Schema: public; Owner: postgres
--

SELECT pg_catalog.setval('examen_fisico_id_seq', 1, false);


--
-- TOC entry 2185 (class 0 OID 16466)
-- Dependencies: 182
-- Data for Name: historia_clinica; Type: TABLE DATA; Schema: public; Owner: postgres
--

COPY historia_clinica (id_paciente, fecha_creada, cod_historia) FROM stdin;
\.


--
-- TOC entry 2186 (class 0 OID 16470)
-- Dependencies: 183
-- Data for Name: historia_medicina; Type: TABLE DATA; Schema: public; Owner: postgres
--

COPY historia_medicina (id_paciente, fecha_creada, cod_historia, antecedentes_personales, antecedentes_familiares) FROM stdin;
6	2017-04-08 18:01:31.087	E22666462	Ninguno	Ninguno
4	2017-04-08 19:36:19.595	E21118197	Ninguno	Ninguno
\.


--
-- TOC entry 2187 (class 0 OID 16477)
-- Dependencies: 184
-- Data for Name: lote_insumo; Type: TABLE DATA; Schema: public; Owner: postgres
--

COPY lote_insumo (id, id_insumo, fecha_registro, fecha_elaboracion, fecha_vencimiento, cantidad, unidad_medida) FROM stdin;
4	14	2017-05-18	2017-05-02	2017-05-26	10	Frascos
5	15	2017-05-18	2017-05-05	2017-05-19	1	Frascos
6	16	2017-05-18	2017-05-04	2017-05-04	50	Frascos
7	17	2017-05-22	2017-05-03	2017-05-25	10	Ampollas
8	18	2017-06-13	2016-03-03	2019-03-03	10	Unidades
2	12	\N	2017-05-10	2017-05-26	20	Cajas
3	13	2017-05-18	2017-05-09	2017-07-27	15	Cajas
\.


--
-- TOC entry 2243 (class 0 OID 0)
-- Dependencies: 185
-- Name: lote_insumo_id_seq; Type: SEQUENCE SET; Schema: public; Owner: postgres
--

SELECT pg_catalog.setval('lote_insumo_id_seq', 8, true);


--
-- TOC entry 2189 (class 0 OID 16485)
-- Dependencies: 186
-- Data for Name: noticia; Type: TABLE DATA; Schema: public; Owner: postgres
--

COPY noticia (id, id_usuario, titulo, descripcion, url, img, created_at) FROM stdin;
4	4	Noticia de prueba	Esta es una prueba	https://www.w3schools.com/Tags/att_input_pattern.asp	\N	2017-03-19 15:42:26.758
5	4	Otra noticia	Esta es otra prueba	https://www.w3schools.com/Tags/att_input_pattern.asp	\N	2017-03-19 15:42:26.758
2	4	Noticia	Esta es una prueba de mdificación de noticia	https://www.w3schools.com/Tags/att_input_pattern.asp	\N	2017-03-19 15:42:26.758
8	4	Noticia nueva con imagen	Esta es una noticia con imagen, tambien sirve para probar que tan larga debe ser una cadena para mostrarla en la pantalla de inicio	http://making-code.blogspot.com/2015/06/implementacion-del-inverso.html	Tm90aWNpYSBudWV2YSBjb24gaW1hZ2Vu_04-03-2017.jpg	2017-03-19 15:42:26.758
9	6	La entrega del carnet de la Patria	Entregas del carnet de la patria en el iut el dia 12/05 a las 9:00am		TGEgZW50cmVnYSBkZWwgY2FybmV0IGRlIGxhIFBhdHJpYQ_11-05-2017.jpg	2017-05-11 22:30:48.927
\.


--
-- TOC entry 2244 (class 0 OID 0)
-- Dependencies: 187
-- Name: noticia_id_seq; Type: SEQUENCE SET; Schema: public; Owner: postgres
--

SELECT pg_catalog.setval('noticia_id_seq', 9, true);


--
-- TOC entry 2192 (class 0 OID 16500)
-- Dependencies: 189
-- Data for Name: paciente; Type: TABLE DATA; Schema: public; Owner: postgres
--

COPY paciente (id, cedula, nombre1, nombre2, apellido1, apellido2, sexo, fecha_nacimiento, direccion, telf_personal, telf_emergencia, email, lugar_nacimiento, tipo_paciente, departamento, trayecto, pnf, tipo_sangre) FROM stdin;
6	22666462	Katherine	Andreina	Campos	Naranjo	f	1993-01-17	Res. La Cascarita	(0412) 210-26-64	\N	katherine_campos_16@hotmail.com	Caracas	Estudiante	Informática	T 4	Informática	ARH +
4	21118197	José	Segundo	Soto	Tarazona	m	1993-11-01	Los Teques, sector La Matica, barrio Vuelta Larga, calle Sixto Díaz	(0212) 221-11-22	\N	sdfsdfsdf@gmail.com	Los Teques	Estudiante	Informática	T 4	Informática	ARH -
\.


--
-- TOC entry 2193 (class 0 OID 16506)
-- Dependencies: 190
-- Data for Name: patologia; Type: TABLE DATA; Schema: public; Owner: postgres
--

COPY patologia (id, nombre, descripcion, status) FROM stdin;
3	Diabetés	Enfermedad que sube los niveles de azúcar en la sangre	f
2	Hepatitis	Enfermedad muy muy grave	t
\.


--
-- TOC entry 2245 (class 0 OID 0)
-- Dependencies: 191
-- Name: patologia_id_seq; Type: SEQUENCE SET; Schema: public; Owner: postgres
--

SELECT pg_catalog.setval('patologia_id_seq', 3, true);


--
-- TOC entry 2191 (class 0 OID 16494)
-- Dependencies: 188
-- Data for Name: persona; Type: TABLE DATA; Schema: public; Owner: postgres
--

COPY persona (id, cedula, nombre1, nombre2, apellido1, apellido2, sexo, fecha_nacimiento, direccion, telf_personal, telf_emergencia, email) FROM stdin;
\.


--
-- TOC entry 2246 (class 0 OID 0)
-- Dependencies: 192
-- Name: persona_id_seq; Type: SEQUENCE SET; Schema: public; Owner: postgres
--

SELECT pg_catalog.setval('persona_id_seq', 16, true);


--
-- TOC entry 2196 (class 0 OID 16514)
-- Dependencies: 193
-- Data for Name: sesion; Type: TABLE DATA; Schema: public; Owner: postgres
--

COPY sesion (id, id_usuario, fecha_inicio, fecha_fin) FROM stdin;
2	4	2017-02-18 00:41:57	2017-02-18 00:54:03
3	4	2017-02-18 15:48:53	2017-02-18 23:00:43
4	4	2017-02-19 20:31:27	2017-02-19 20:33:49
5	4	2017-02-19 21:18:41	2017-02-19 21:19:27
6	4	2017-02-19 21:26:17	2017-02-20 01:16:36
7	4	2017-02-20 10:56:19	2017-02-20 23:05:19
8	4	2017-02-21 15:28:30	2017-02-22 00:21:58
9	4	2017-02-25 17:25:17	2017-02-26 00:05:46
10	4	2017-02-27 13:30:29	2017-02-27 22:44:07
11	4	2017-02-28 10:53:40	2017-02-28 23:08:53
12	4	2017-03-01 19:18:43	2017-03-02 00:26:30
13	4	2017-03-02 12:15:32	2017-03-02 22:17:35
14	4	2017-03-04 14:47:41	2017-03-04 19:33:28
15	4	2017-03-04 19:34:09	2017-03-04 20:28:40
18	14	2017-03-04 20:35:49	2017-03-04 20:46:21
19	4	2017-03-04 20:46:35	2017-03-04 20:49:04
20	15	2017-03-04 20:49:17	2017-03-04 21:36:37
21	4	2017-03-04 22:24:59	2017-03-05 01:09:42
22	4	2017-03-19 15:15:08	2017-03-19 19:53:52
23	13	2017-03-19 19:54:05	2017-03-19 19:56:19
25	4	2017-03-19 22:07:34	\N
24	13	2017-03-19 19:56:33	2017-03-19 23:10:50
26	4	2017-04-02 21:00:19	2017-04-02 22:23:19
27	4	2017-04-02 22:23:33	\N
28	4	2017-04-03 00:26:16	\N
29	4	2017-04-04 12:05:59	2017-04-04 12:07:27
30	13	2017-04-04 12:08:44	2017-04-04 12:17:31
31	13	2017-04-04 12:21:54	2017-04-04 22:52:53
32	4	2017-04-08 15:42:25	2017-04-08 15:42:34
33	13	2017-04-08 15:56:17	2017-04-08 20:09:26
34	13	2017-04-08 20:10:08	2017-04-08 20:53:32
35	13	2017-04-09 13:31:26	2017-04-09 23:40:37
36	13	2017-04-11 22:52:07	2017-04-11 23:53:35
37	13	2017-04-12 00:32:15	2017-04-12 00:33:27
38	13	2017-04-12 21:17:56	2017-04-13 01:39:10
39	13	2017-04-13 14:00:52	2017-04-14 02:12:34
40	13	2017-04-14 17:13:07	2017-04-14 23:15:30
41	13	2017-04-15 15:21:04	2017-04-16 01:06:16
42	13	2017-04-16 20:59:29	2017-04-16 21:12:40
43	6	2017-05-11 22:27:44	2017-05-11 22:34:38
44	13	2017-05-11 22:37:50	\N
45	13	2017-05-14 17:15:30	\N
46	13	2017-05-14 20:33:01	\N
47	13	2017-05-15 07:59:03	\N
48	13	2017-05-15 18:37:08	\N
49	13	2017-05-18 15:55:10	\N
50	13	2017-05-21 20:51:52	\N
51	13	2017-05-22 09:21:53	2017-05-22 11:47:42
52	4	2017-05-22 11:49:00	2017-05-22 11:58:46
53	13	2017-05-22 11:58:48	\N
54	13	2017-06-11 17:16:58	\N
55	13	2017-06-13 14:09:35	\N
56	13	2017-06-15 13:30:55	\N
57	13	2017-06-15 17:45:14	2017-06-15 22:20:39
60	4	2018-02-04 12:52:40	2018-02-04 13:02:16
61	16	2018-02-04 13:06:36	\N
62	4	2018-02-04 13:08:07	2018-02-04 13:43:44
63	16	2018-02-04 13:46:53	2018-02-04 14:28:25
64	4	2018-02-04 14:28:46	\N
65	16	2018-02-17 13:25:55	\N
66	16	2018-03-02 10:53:36	\N
67	16	2018-03-14 18:58:21	\N
68	16	2018-03-26 19:44:10	\N
\.


--
-- TOC entry 2247 (class 0 OID 0)
-- Dependencies: 194
-- Name: sesion_id_seq; Type: SEQUENCE SET; Schema: public; Owner: postgres
--

SELECT pg_catalog.setval('sesion_id_seq', 68, true);


--
-- TOC entry 2198 (class 0 OID 16519)
-- Dependencies: 195
-- Data for Name: stock; Type: TABLE DATA; Schema: public; Owner: postgres
--

COPY stock (id, insumo, descripcion, almacen, tipo_insumo, contenido, disponibilidad, status, unidad_medida) FROM stdin;
13	ACETAMINOFEN	ACETAMINOCEN PARA CURAR LA FIEBRE	Salud	Medicamento	250-mg	15	t	Cajas
15	ACETAMINOFEN	ajajajajajajajajjaja	Salud	Reactivo	1-g	1	t	Frascos
16	Vancomicina	jajajajajajajahshsd shshshsh	Salud	Medicamento	60-mg	50	t	Frascos
17	HIBUPROFENO	SKSAJAJAAJAAJ AAJAJAJ	Salud	Medicamento	200-cm	10	f	Ampollas
18	Lacrifort	Lágrimas artificiales	Salud	Medicamento	15-ml	10	t	Unidades
12	ATAMEL	Nuevo insumo modificado	Salud	Medicamento	300-mg	20	f	Cajas
14	Amoxicilina	AMOXICILINA PARA DOLORES 	Salud	Medicamento	30-ml	10	f	Frascos
\.


--
-- TOC entry 2248 (class 0 OID 0)
-- Dependencies: 196
-- Name: stock_id_seq; Type: SEQUENCE SET; Schema: public; Owner: postgres
--

SELECT pg_catalog.setval('stock_id_seq', 18, true);


--
-- TOC entry 2200 (class 0 OID 16528)
-- Dependencies: 197
-- Data for Name: usuario; Type: TABLE DATA; Schema: public; Owner: postgres
--

COPY usuario (id, cedula, nombre1, nombre2, apellido1, apellido2, sexo, fecha_nacimiento, direccion, telf_personal, telf_emergencia, email, username, password, grado_instruccion, especialidad, tipo_usuario, status, img, fecha_creado, first_session) FROM stdin;
14	11040363	Pedro		Pérez		m	1990-12-12	Carrizal	(0416) 655-56-56	(0212) 545-45-45	pedro_35@hotmail.com	Pedro1234	User1234	Doctorado	Laboratorio	Bioanalista	t	__.jpg	2017-03-08 09:54:08.093	t
15	10222333	Maria		López		f	1994-05-16	Urb. Simón Bolívar	(0412) 545-54-45	(0212) 222-11-11	marialopez@gmail.com	Maria1234	LopezMaria1234	Ingeniería	Administrador	Administrador	t	TWFyaWExMjM0_MTAyMjIzMzM.jpg	2017-03-08 09:54:08.093	t
4	21118197	José	Segundo	Soto	Tarazona	m	1993-11-01	sdfgdfgdfgdfg	(0212) 221-11-22	(0212) 221-11-11	sdfsdfsdf@gmail.com	Jose1234	JoseSoto33	Ingeniería	Administrador	Administrador	t	\N	2017-03-08 09:54:08.093	f
13	11040362	Joelis		Tarazona		f	1973-05-25	Urb. Cdad. Miranda, Charallave, Edo. Miranda.	(0416) 656-46-65	(0239) 212-51-15	joelisadriana_35@hotmail.com	Joelis36	Joelis11	Licenciatura	Medicina	Doctor	t	\N	2017-03-08 09:54:08.093	f
6	22666462	Katherine	Andreina	Campos	Naranjo	f	1993-01-17	Res. La Cascarita	(0412) 210-26-64	(0212) 555-44-54	katherine_campos_16@hotmail.com	Kate1235	Katherine22	Doctorado	Administrador	Administrador	t	\N	2017-03-08 09:54:08.093	f
16	25702416	Stefany		Oropeza		f	1997-01-16	Los Teques, sector El Trigo	(0426) 405-98-20	(0212) 321-02-91	stefanyoropeza94@gmail.com	stefanyo1	Stefany25702416	TSU	Nutrición	Nutricionista	t	\N	2018-02-04 12:58:25.531	f
\.


--
-- TOC entry 2201 (class 0 OID 16538)
-- Dependencies: 198
-- Data for Name: utiliza; Type: TABLE DATA; Schema: public; Owner: postgres
--

COPY utiliza (id, id_usuario, id_insumo, accion, fecha) FROM stdin;
\.


--
-- TOC entry 2249 (class 0 OID 0)
-- Dependencies: 199
-- Name: utiliza_id_seq; Type: SEQUENCE SET; Schema: public; Owner: postgres
--

SELECT pg_catalog.setval('utiliza_id_seq', 1, false);


--
-- TOC entry 2203 (class 0 OID 16547)
-- Dependencies: 200
-- Data for Name: vacuna; Type: TABLE DATA; Schema: public; Owner: postgres
--

COPY vacuna (id, nombre_vacuna, id_patologia, status) FROM stdin;
\.


--
-- TOC entry 2204 (class 0 OID 16551)
-- Dependencies: 201
-- Data for Name: vacuna_aplicada; Type: TABLE DATA; Schema: public; Owner: postgres
--

COPY vacuna_aplicada (id_esquema, nro_dosis, via_administracion, prox_fecha_vacunacion, dosificacion, fecha_vacunacion, cod_historia) FROM stdin;
\.


--
-- TOC entry 2250 (class 0 OID 0)
-- Dependencies: 202
-- Name: vacuna_id_seq; Type: SEQUENCE SET; Schema: public; Owner: postgres
--

SELECT pg_catalog.setval('vacuna_id_seq', 6, true);


--
-- TOC entry 2206 (class 0 OID 16557)
-- Dependencies: 203
-- Data for Name: vacuna_patologia; Type: TABLE DATA; Schema: public; Owner: postgres
--

COPY vacuna_patologia (id, id_vacuna, id_patologia) FROM stdin;
\.


--
-- TOC entry 2251 (class 0 OID 0)
-- Dependencies: 204
-- Name: vacuna_patologia_id_seq; Type: SEQUENCE SET; Schema: public; Owner: postgres
--

SELECT pg_catalog.setval('vacuna_patologia_id_seq', 4, true);


--
-- TOC entry 2091 (class 2606 OID 16582)
-- Name: acciones_pkey; Type: CONSTRAINT; Schema: public; Owner: postgres; Tablespace: 
--

ALTER TABLE ONLY accion
    ADD CONSTRAINT acciones_pkey PRIMARY KEY (id);


--
-- TOC entry 2149 (class 2606 OID 24588)
-- Name: citas_pkey; Type: CONSTRAINT; Schema: public; Owner: postgres; Tablespace: 
--

ALTER TABLE ONLY citas
    ADD CONSTRAINT citas_pkey PRIMARY KEY (id);


--
-- TOC entry 2095 (class 2606 OID 16584)
-- Name: consulta_curativa_pkey; Type: CONSTRAINT; Schema: public; Owner: postgres; Tablespace: 
--

ALTER TABLE ONLY consulta_curativa
    ADD CONSTRAINT consulta_curativa_pkey PRIMARY KEY (id);


--
-- TOC entry 2093 (class 2606 OID 16586)
-- Name: consulta_pkey; Type: CONSTRAINT; Schema: public; Owner: postgres; Tablespace: 
--

ALTER TABLE ONLY consulta
    ADD CONSTRAINT consulta_pkey PRIMARY KEY (id);


--
-- TOC entry 2097 (class 2606 OID 16588)
-- Name: consulta_preventiva_pkey; Type: CONSTRAINT; Schema: public; Owner: postgres; Tablespace: 
--

ALTER TABLE ONLY consulta_preventiva
    ADD CONSTRAINT consulta_preventiva_pkey PRIMARY KEY (id);


--
-- TOC entry 2099 (class 2606 OID 16590)
-- Name: esquema_pkey; Type: CONSTRAINT; Schema: public; Owner: postgres; Tablespace: 
--

ALTER TABLE ONLY esquema
    ADD CONSTRAINT esquema_pkey PRIMARY KEY (id);


--
-- TOC entry 2101 (class 2606 OID 16592)
-- Name: evento_pkey; Type: CONSTRAINT; Schema: public; Owner: postgres; Tablespace: 
--

ALTER TABLE ONLY evento
    ADD CONSTRAINT evento_pkey PRIMARY KEY (id);


--
-- TOC entry 2103 (class 2606 OID 16594)
-- Name: examen_fisico_pkey; Type: CONSTRAINT; Schema: public; Owner: postgres; Tablespace: 
--

ALTER TABLE ONLY examen_fisico
    ADD CONSTRAINT examen_fisico_pkey PRIMARY KEY (id);


--
-- TOC entry 2105 (class 2606 OID 16596)
-- Name: historia_clinica_pkey; Type: CONSTRAINT; Schema: public; Owner: postgres; Tablespace: 
--

ALTER TABLE ONLY historia_clinica
    ADD CONSTRAINT historia_clinica_pkey PRIMARY KEY (cod_historia);


--
-- TOC entry 2107 (class 2606 OID 16598)
-- Name: historia_medicina_pkey; Type: CONSTRAINT; Schema: public; Owner: postgres; Tablespace: 
--

ALTER TABLE ONLY historia_medicina
    ADD CONSTRAINT historia_medicina_pkey PRIMARY KEY (cod_historia);


--
-- TOC entry 2109 (class 2606 OID 16600)
-- Name: lote_insumo_pkey; Type: CONSTRAINT; Schema: public; Owner: postgres; Tablespace: 
--

ALTER TABLE ONLY lote_insumo
    ADD CONSTRAINT lote_insumo_pkey PRIMARY KEY (id);


--
-- TOC entry 2111 (class 2606 OID 16602)
-- Name: noticia_pkey; Type: CONSTRAINT; Schema: public; Owner: postgres; Tablespace: 
--

ALTER TABLE ONLY noticia
    ADD CONSTRAINT noticia_pkey PRIMARY KEY (id);


--
-- TOC entry 2119 (class 2606 OID 16604)
-- Name: paciente_cedula_key; Type: CONSTRAINT; Schema: public; Owner: postgres; Tablespace: 
--

ALTER TABLE ONLY paciente
    ADD CONSTRAINT paciente_cedula_key UNIQUE (cedula);


--
-- TOC entry 2121 (class 2606 OID 16606)
-- Name: paciente_email_key; Type: CONSTRAINT; Schema: public; Owner: postgres; Tablespace: 
--

ALTER TABLE ONLY paciente
    ADD CONSTRAINT paciente_email_key UNIQUE (email);


--
-- TOC entry 2123 (class 2606 OID 16608)
-- Name: paciente_pkey; Type: CONSTRAINT; Schema: public; Owner: postgres; Tablespace: 
--

ALTER TABLE ONLY paciente
    ADD CONSTRAINT paciente_pkey PRIMARY KEY (id);


--
-- TOC entry 2125 (class 2606 OID 16610)
-- Name: patologia_pkey; Type: CONSTRAINT; Schema: public; Owner: postgres; Tablespace: 
--

ALTER TABLE ONLY patologia
    ADD CONSTRAINT patologia_pkey PRIMARY KEY (id);


--
-- TOC entry 2113 (class 2606 OID 16612)
-- Name: persona_cedula_key; Type: CONSTRAINT; Schema: public; Owner: postgres; Tablespace: 
--

ALTER TABLE ONLY persona
    ADD CONSTRAINT persona_cedula_key UNIQUE (cedula);


--
-- TOC entry 2115 (class 2606 OID 16614)
-- Name: persona_email_key; Type: CONSTRAINT; Schema: public; Owner: postgres; Tablespace: 
--

ALTER TABLE ONLY persona
    ADD CONSTRAINT persona_email_key UNIQUE (email);


--
-- TOC entry 2117 (class 2606 OID 16616)
-- Name: persona_pkey; Type: CONSTRAINT; Schema: public; Owner: postgres; Tablespace: 
--

ALTER TABLE ONLY persona
    ADD CONSTRAINT persona_pkey PRIMARY KEY (id);


--
-- TOC entry 2127 (class 2606 OID 16618)
-- Name: sesion_pkey; Type: CONSTRAINT; Schema: public; Owner: postgres; Tablespace: 
--

ALTER TABLE ONLY sesion
    ADD CONSTRAINT sesion_pkey PRIMARY KEY (id);


--
-- TOC entry 2129 (class 2606 OID 16620)
-- Name: stock_pkey; Type: CONSTRAINT; Schema: public; Owner: postgres; Tablespace: 
--

ALTER TABLE ONLY stock
    ADD CONSTRAINT stock_pkey PRIMARY KEY (id);


--
-- TOC entry 2131 (class 2606 OID 16622)
-- Name: usuario_cedula_key; Type: CONSTRAINT; Schema: public; Owner: postgres; Tablespace: 
--

ALTER TABLE ONLY usuario
    ADD CONSTRAINT usuario_cedula_key UNIQUE (cedula);


--
-- TOC entry 2133 (class 2606 OID 16624)
-- Name: usuario_email_key; Type: CONSTRAINT; Schema: public; Owner: postgres; Tablespace: 
--

ALTER TABLE ONLY usuario
    ADD CONSTRAINT usuario_email_key UNIQUE (email);


--
-- TOC entry 2135 (class 2606 OID 16626)
-- Name: usuario_pkey; Type: CONSTRAINT; Schema: public; Owner: postgres; Tablespace: 
--

ALTER TABLE ONLY usuario
    ADD CONSTRAINT usuario_pkey PRIMARY KEY (id);


--
-- TOC entry 2137 (class 2606 OID 16628)
-- Name: usuario_username_password_key; Type: CONSTRAINT; Schema: public; Owner: postgres; Tablespace: 
--

ALTER TABLE ONLY usuario
    ADD CONSTRAINT usuario_username_password_key UNIQUE (username, password);


--
-- TOC entry 2139 (class 2606 OID 16630)
-- Name: utiliza_pkey; Type: CONSTRAINT; Schema: public; Owner: postgres; Tablespace: 
--

ALTER TABLE ONLY utiliza
    ADD CONSTRAINT utiliza_pkey PRIMARY KEY (id);


--
-- TOC entry 2145 (class 2606 OID 16632)
-- Name: vacuna_aplicada_pkey; Type: CONSTRAINT; Schema: public; Owner: postgres; Tablespace: 
--

ALTER TABLE ONLY vacuna_aplicada
    ADD CONSTRAINT vacuna_aplicada_pkey PRIMARY KEY (id_esquema, cod_historia);


--
-- TOC entry 2141 (class 2606 OID 16634)
-- Name: vacuna_nombre_vacuna_key; Type: CONSTRAINT; Schema: public; Owner: postgres; Tablespace: 
--

ALTER TABLE ONLY vacuna
    ADD CONSTRAINT vacuna_nombre_vacuna_key UNIQUE (nombre_vacuna);


--
-- TOC entry 2147 (class 2606 OID 16636)
-- Name: vacuna_patologia_pkey; Type: CONSTRAINT; Schema: public; Owner: postgres; Tablespace: 
--

ALTER TABLE ONLY vacuna_patologia
    ADD CONSTRAINT vacuna_patologia_pkey PRIMARY KEY (id);


--
-- TOC entry 2143 (class 2606 OID 16638)
-- Name: vacuna_pkey; Type: CONSTRAINT; Schema: public; Owner: postgres; Tablespace: 
--

ALTER TABLE ONLY vacuna
    ADD CONSTRAINT vacuna_pkey PRIMARY KEY (id);


--
-- TOC entry 2150 (class 2606 OID 16639)
-- Name: acciones_id_sesion_fkey; Type: FK CONSTRAINT; Schema: public; Owner: postgres
--

ALTER TABLE ONLY accion
    ADD CONSTRAINT acciones_id_sesion_fkey FOREIGN KEY (id_sesion) REFERENCES sesion(id) ON UPDATE CASCADE ON DELETE CASCADE;


--
-- TOC entry 2172 (class 2606 OID 24589)
-- Name: citas_id_paciente_fkey; Type: FK CONSTRAINT; Schema: public; Owner: postgres
--

ALTER TABLE ONLY citas
    ADD CONSTRAINT citas_id_paciente_fkey FOREIGN KEY (id_paciente) REFERENCES paciente(id) ON UPDATE CASCADE;


--
-- TOC entry 2151 (class 2606 OID 16644)
-- Name: consulta_cod_historia_fkey; Type: FK CONSTRAINT; Schema: public; Owner: postgres
--

ALTER TABLE ONLY consulta
    ADD CONSTRAINT consulta_cod_historia_fkey FOREIGN KEY (cod_historia) REFERENCES historia_clinica(cod_historia) ON UPDATE CASCADE ON DELETE RESTRICT;


--
-- TOC entry 2153 (class 2606 OID 16649)
-- Name: consulta_curativa_cod_historia_fkey; Type: FK CONSTRAINT; Schema: public; Owner: postgres
--

ALTER TABLE ONLY consulta_curativa
    ADD CONSTRAINT consulta_curativa_cod_historia_fkey FOREIGN KEY (cod_historia) REFERENCES historia_medicina(cod_historia) ON UPDATE CASCADE ON DELETE RESTRICT;


--
-- TOC entry 2154 (class 2606 OID 16654)
-- Name: consulta_curativa_id_patologia_fkey; Type: FK CONSTRAINT; Schema: public; Owner: postgres
--

ALTER TABLE ONLY consulta_curativa
    ADD CONSTRAINT consulta_curativa_id_patologia_fkey FOREIGN KEY (id_patologia) REFERENCES patologia(id) ON UPDATE CASCADE;


--
-- TOC entry 2155 (class 2606 OID 16659)
-- Name: consulta_curativa_id_usuario_fkey; Type: FK CONSTRAINT; Schema: public; Owner: postgres
--

ALTER TABLE ONLY consulta_curativa
    ADD CONSTRAINT consulta_curativa_id_usuario_fkey FOREIGN KEY (id_usuario) REFERENCES usuario(id) ON UPDATE CASCADE;


--
-- TOC entry 2152 (class 2606 OID 16664)
-- Name: consulta_id_usuario_fkey; Type: FK CONSTRAINT; Schema: public; Owner: postgres
--

ALTER TABLE ONLY consulta
    ADD CONSTRAINT consulta_id_usuario_fkey FOREIGN KEY (id_usuario) REFERENCES usuario(id) ON UPDATE CASCADE;


--
-- TOC entry 2156 (class 2606 OID 16669)
-- Name: consulta_preventiva_cod_historia_fkey; Type: FK CONSTRAINT; Schema: public; Owner: postgres
--

ALTER TABLE ONLY consulta_preventiva
    ADD CONSTRAINT consulta_preventiva_cod_historia_fkey FOREIGN KEY (cod_historia) REFERENCES historia_medicina(cod_historia) ON UPDATE CASCADE ON DELETE RESTRICT;


--
-- TOC entry 2157 (class 2606 OID 16674)
-- Name: consulta_preventiva_id_patologia_fkey; Type: FK CONSTRAINT; Schema: public; Owner: postgres
--

ALTER TABLE ONLY consulta_preventiva
    ADD CONSTRAINT consulta_preventiva_id_patologia_fkey FOREIGN KEY (id_patologia) REFERENCES patologia(id) ON UPDATE CASCADE ON DELETE RESTRICT;


--
-- TOC entry 2158 (class 2606 OID 16679)
-- Name: consulta_preventiva_id_usuario_fkey; Type: FK CONSTRAINT; Schema: public; Owner: postgres
--

ALTER TABLE ONLY consulta_preventiva
    ADD CONSTRAINT consulta_preventiva_id_usuario_fkey FOREIGN KEY (id_usuario) REFERENCES usuario(id) ON UPDATE CASCADE ON DELETE RESTRICT;


--
-- TOC entry 2159 (class 2606 OID 16684)
-- Name: esquema_id_vacuna_fkey; Type: FK CONSTRAINT; Schema: public; Owner: postgres
--

ALTER TABLE ONLY esquema
    ADD CONSTRAINT esquema_id_vacuna_fkey FOREIGN KEY (id_vacuna) REFERENCES vacuna(id) ON UPDATE CASCADE ON DELETE RESTRICT;


--
-- TOC entry 2160 (class 2606 OID 16689)
-- Name: evento_id_usuario_fkey; Type: FK CONSTRAINT; Schema: public; Owner: postgres
--

ALTER TABLE ONLY evento
    ADD CONSTRAINT evento_id_usuario_fkey FOREIGN KEY (id_usuario) REFERENCES usuario(id) ON UPDATE CASCADE;


--
-- TOC entry 2161 (class 2606 OID 16694)
-- Name: historia_clinica_id_paciente_fkey; Type: FK CONSTRAINT; Schema: public; Owner: postgres
--

ALTER TABLE ONLY historia_clinica
    ADD CONSTRAINT historia_clinica_id_paciente_fkey FOREIGN KEY (id_paciente) REFERENCES paciente(id);


--
-- TOC entry 2162 (class 2606 OID 16699)
-- Name: historia_medicina_id_paciente_fkey; Type: FK CONSTRAINT; Schema: public; Owner: postgres
--

ALTER TABLE ONLY historia_medicina
    ADD CONSTRAINT historia_medicina_id_paciente_fkey FOREIGN KEY (id_paciente) REFERENCES paciente(id) ON UPDATE CASCADE ON DELETE RESTRICT;


--
-- TOC entry 2163 (class 2606 OID 16704)
-- Name: lote_insumo_id_insumo_fkey; Type: FK CONSTRAINT; Schema: public; Owner: postgres
--

ALTER TABLE ONLY lote_insumo
    ADD CONSTRAINT lote_insumo_id_insumo_fkey FOREIGN KEY (id_insumo) REFERENCES stock(id);


--
-- TOC entry 2164 (class 2606 OID 16709)
-- Name: noticia_id_usuario_fkey; Type: FK CONSTRAINT; Schema: public; Owner: postgres
--

ALTER TABLE ONLY noticia
    ADD CONSTRAINT noticia_id_usuario_fkey FOREIGN KEY (id_usuario) REFERENCES usuario(id) ON UPDATE CASCADE;


--
-- TOC entry 2165 (class 2606 OID 16714)
-- Name: sesion_id_usuario_fkey; Type: FK CONSTRAINT; Schema: public; Owner: postgres
--

ALTER TABLE ONLY sesion
    ADD CONSTRAINT sesion_id_usuario_fkey FOREIGN KEY (id_usuario) REFERENCES usuario(id) ON UPDATE CASCADE;


--
-- TOC entry 2166 (class 2606 OID 16719)
-- Name: utiliza_id_usuario_fkey; Type: FK CONSTRAINT; Schema: public; Owner: postgres
--

ALTER TABLE ONLY utiliza
    ADD CONSTRAINT utiliza_id_usuario_fkey FOREIGN KEY (id_usuario) REFERENCES usuario(id);


--
-- TOC entry 2168 (class 2606 OID 16724)
-- Name: vacuna_aplicada_cod_historia_fkey; Type: FK CONSTRAINT; Schema: public; Owner: postgres
--

ALTER TABLE ONLY vacuna_aplicada
    ADD CONSTRAINT vacuna_aplicada_cod_historia_fkey FOREIGN KEY (cod_historia) REFERENCES historia_clinica(cod_historia) ON UPDATE CASCADE ON DELETE RESTRICT;


--
-- TOC entry 2169 (class 2606 OID 16729)
-- Name: vacuna_aplicada_id_esquema_fkey; Type: FK CONSTRAINT; Schema: public; Owner: postgres
--

ALTER TABLE ONLY vacuna_aplicada
    ADD CONSTRAINT vacuna_aplicada_id_esquema_fkey FOREIGN KEY (id_esquema) REFERENCES esquema(id) ON UPDATE CASCADE ON DELETE RESTRICT;


--
-- TOC entry 2167 (class 2606 OID 16734)
-- Name: vacuna_id_patologia_fkey; Type: FK CONSTRAINT; Schema: public; Owner: postgres
--

ALTER TABLE ONLY vacuna
    ADD CONSTRAINT vacuna_id_patologia_fkey FOREIGN KEY (id_patologia) REFERENCES patologia(id) ON UPDATE CASCADE ON DELETE RESTRICT;


--
-- TOC entry 2170 (class 2606 OID 16739)
-- Name: vacuna_patologia_id_patologia_fkey; Type: FK CONSTRAINT; Schema: public; Owner: postgres
--

ALTER TABLE ONLY vacuna_patologia
    ADD CONSTRAINT vacuna_patologia_id_patologia_fkey FOREIGN KEY (id_patologia) REFERENCES patologia(id) ON UPDATE CASCADE ON DELETE RESTRICT;


--
-- TOC entry 2171 (class 2606 OID 16744)
-- Name: vacuna_patologia_id_vacuna_fkey; Type: FK CONSTRAINT; Schema: public; Owner: postgres
--

ALTER TABLE ONLY vacuna_patologia
    ADD CONSTRAINT vacuna_patologia_id_vacuna_fkey FOREIGN KEY (id_vacuna) REFERENCES vacuna(id) ON UPDATE CASCADE ON DELETE RESTRICT;


--
-- TOC entry 2216 (class 0 OID 0)
-- Dependencies: 6
-- Name: public; Type: ACL; Schema: -; Owner: postgres
--

REVOKE ALL ON SCHEMA public FROM PUBLIC;
REVOKE ALL ON SCHEMA public FROM postgres;
GRANT ALL ON SCHEMA public TO postgres;
GRANT ALL ON SCHEMA public TO PUBLIC;


-- Completed on 2018-04-14 10:39:40

--
-- PostgreSQL database dump complete
--

